{"Labels":{"de":{"Camera":"Kamera","High":"H","Light":"Licht","Low":"T"},"en":{"Camera":"Camera","High":"H","Light":"Light","Low":"L"}},"RainTrue":{"de":". Niederschlagsmenge: ","en":". Precipitation amount: "},"RainChance":{"de":{"3":". Regen ist sehr wahrscheinlich.","1":", mit niedriger Regenwahrscheinlichkeit.","4":". Regen wird erwartet.","2":", mit hoher Regenwahrscheinlichkeit.","0":". Es wird kein Regen erwartet."},"en":{"3":". Rain is very likely.","1":", with a small chance of rain.","4":". Rain is to be expected.","2":", with a decent chance of rain.","0":". No rain is expected."}},"String2":{"de":{"1":"Gefühlte Temperatur: $RoundedNumber$°","2":"Morgige Regenwahrscheinlichkeit bei $TomorrowRainChance$%. Min. $TomorrowLow$°, max. $TomorrowHigh$°.","0":"Heutige Durchschnittstemperatur bei $TempAvgToday$°.","1-2":"Hohe UV-Belastung. Berücksichtige Sonnenschutz, wenn du heute im Freien bist."},"en":{"1":"Current conditions make the temperature feel like $RoundedNumber$°","2":"Tomorrow, a $TomorrowRainChance$% chance of rain. Low of $TomorrowLow$. High of $TomorrowHigh$.","0":"Expect an average temperature of $TempAvgToday$° today.","1-2":"High UV exposure. Consider solar protection if outdoors today."}},"Line1String1":{"de":{"SLEET":"Sleet","GEWITTER":"Gewitter","DUNST":"Es ist dunstig","GEFRIERENDER REGEN":"Gefrierender Regen","MEIST WOLKENLOS":"Meist wolkenlos","EIS- UND SCHNEEREGEN":"Eis- und Schneeregen","SCHAUER":"Leichte Regenschauer","STAUB":"Es ist staubig","REGEN":"Es regnet","BLUSTERY":"Windy conditions","SNOW SHOWERS":"Snowy conditions","NIESELREGEN":"Es nieselt","VEREINZELTE SCHAUER":"Vereinzelte Schauer","MIXED RAIN AND HAIL":"Rain mixed with hail","SCHNEEREGEN":"Schneeregen","FOGGY":"Foggy","ÖRTLICHE GEWITTERSCHAUER":"Gewitterschauer","STARKER REGEN":"Es regnet stark","STARRY":"Klarer Himmel","TROPICAL STORM":"Warning: Tropical Storm","TORNADO":"Warning: Tornado. Seek shelter!","MIXED RAIN AND SLEET":"Rain mixed with sleet","VEREINZELTE GEWITTER":"Vereinzelte Gewitter","SCATTERED SNOW SHOWERS":"Scattered snow showers","BLOWING SNOW":"Windy & Snowing","MEIST BEWÖLKT":"Meist bewölkt","LIGHT SNOW":"Lightly snowing","FREEZING DRIZZLE":"Freezing drizzle","SNOW FLURRIES":"Snow flurries","ÖRTLICHE GEWITTER":"Örtliche Gewitter","LEICHTE SCHNEESCHAUER":"Es schneit leicht","HURRICANE":"Warning: Hurricane","WINDIG":"Es ist windig","RAUCH":"Es ist rauchig","BEWÖLKT":"Es ist bewölkt","TEILS BEWÖLKT":"Teilweise bewölkt","NEBEL":"Es ist nebelig","SMOKY":"Smoky conditions","SCHNEE":"Es schneit","SUNNY":"Es ist sonnig"},"en":{"SLEET":"Sleet","LIGHT SNOW SHOWERS":"It’s lightly snowing","MIXED RAIN AND SNOW":"Rain mixed with snow","FOG":"Foggy","SNOW":"Currently snowing","MIXED SNOW AND SLEET":"Snow and sleet","BLUSTERY":"Windy conditions","SNOW SHOWERS":"Snowy conditions","MIXED RAIN AND HAIL":"Rain mixed with hail","SCATTERED SHOWERS":"Scattered Showers","MOSTLY CLEAR":"Mostly clear skies","FOGGY":"Foggy","ISOLATED THUNDERSHOWERS":"Thundershowers currently","THUNDERSTORMS":"Thunderstorming","STARRY":"Clear skies","PARTLY CLOUDY":"Partly cloudy skies","TORNADO":"Warning: Tornado. Seek shelter!","MIXED RAIN AND SLEET":"Rain mixed with sleet","RAIN":"It’s raining","TROPICAL STORM":"Warning: Tropical Storm","SCATTERED SNOW SHOWERS":"Scattered snow showers","BLOWING SNOW":"Windy & Snowing","CLOUDY":"It’s currently cloudy","LIGHT SNOW":"Lightly snowing","SMOKE":"Smoky conditions","FREEZING DRIZZLE":"Freezing drizzle","FREEZING RAIN":"Freezing rain","SCATTERED THUNDERSTORMS":"Scattered thunderstorms","SNOW FLURRIES":"Snow flurries","HAZE":"Hazy conditions","ISOLATED THUNDERSTORMS":"Isolated Thunderstorms","HURRICANE":"Warning: Hurricane","HEAVY RAIN":"It’s raining, heavily","DRIZZLE":"Currently drizzling","DUST":"Dusty conditions","WINDY":"Windy conditions","SHOWERS":"Light rain showers","SMOKY":"Smoky conditions","SUNNY":"Sunny with clear skies","MOSTLY CLOUDY":"Mostly cloudy skies"}},"weatherCodes":{"de":{"SLEET":16,"GEWITTER":14,"DUNST":26,"GEFRIERENDER REGEN":15,"MEIST WOLKENLOS":3,"EIS- UND SCHNEEREGEN":16,"SCHAUER":11,"STAUB":25,"REGEN":12,"BLUSTERY":20,"SNOW SHOWERS":18,"NIESELREGEN":11,"VEREINZELTE SCHAUER":11,"MIXED RAIN AND HAIL":15,"SCHNEEREGEN":16,"FOGGY":24,"ÖRTLICHE GEWITTERSCHAUER":13,"STARKER REGEN":12,"STARRY":2,"TROPICAL STORM":22,"TORNADO":23,"MIXED RAIN AND SLEET":15,"VEREINZELTE GEWITTER":14,"SCATTERED SNOW SHOWERS":17,"BLOWING SNOW":19,"MEIST BEWÖLKT":5,"LIGHT SNOW":17,"FREEZING DRIZZLE":15,"LIGHT RAIN SHOWERS":11,"ÖRTLICHE GEWITTER":13,"SNOW FLURRIES":18,"LEICHTE SCHNEESCHAUER":17,"HURRICANE":21,"WINDIG":20,"RAUCH":27,"BEWÖLKT":6,"TEILS BEWÖLKT":4,"NEBEL":24,"SMOKY":27,"SCHNEE":18,"SUNNY":1},"en":{"SLEET":16,"LIGHT SNOW SHOWERS":17,"MIXED RAIN AND SNOW":16,"FOG":24,"SNOW":18,"MIXED SNOW AND SLEET":16,"BLUSTERY":20,"SNOW SHOWERS":18,"MIXED RAIN AND HAIL":15,"SCATTERED SHOWERS":11,"MOSTLY CLEAR":3,"FOGGY":24,"ISOLATED THUNDERSHOWERS":13,"THUNDERSTORMS":14,"STARRY":2,"PARTLY CLOUDY":4,"TORNADO":23,"MIXED RAIN AND SLEET":15,"RAIN":12,"TROPICAL STORM":22,"SCATTERED SNOW SHOWERS":17,"BLOWING SNOW":19,"CLOUDY":6,"LIGHT SNOW":17,"SMOKE":27,"FREEZING DRIZZLE":15,"FREEZING RAIN":15,"LIGHT RAIN SHOWERS":11,"SCATTERED THUNDERSTORMS":14,"HAZE":26,"SNOW FLURRIES":18,"ISOLATED THUNDERSTORMS":13,"HURRICANE":21,"HEAVY RAIN":12,"DRIZZLE":11,"DUST":25,"WINDY":20,"SHOWERS":11,"SMOKY":27,"SUNNY":1,"MOSTLY CLOUDY":5}},"version":5,"Moon":{"de":{"7":"Halb","3":"3-Vrtl.","4":"Voll","0":"Neu","5":"3-Vrtl.","1":"Halb","6":"3. Vrtl.","2":"1. Vrtl."},"en":{"7":"Crescent","3":"Gibbous","4":"Full","0":"New","5":"Gibbous","1":"Crescent","6":"3rd Qtr","2":"1st Qtr"}},"PrecipConditions":{"de":["NIESELREGEN","SCHAUER","VEREINZELTE SCHAUER","REGEN","STARKER REGEN","ÖRTLICHE GEWITTERSCHAUER","ÖRTLICHE GEWITTER","SCHNEE","GEWITTER","LIGHT SNOW","VEREINZELTE GEWITTER","SCATTERED SNOW SHOWERS","SNOW FLURRIES","BLOWING SNOW","MIXED RAIN AND SLEET","SCHNEEREGEN","MIXED RAIN AND HAIL","EIS- UND SCHNEEREGEN","SNOW SHOWERS","LEICHTE SCHNEESCHAUER","LIGHT RAIN SHOWERS"],"en":["DRIZZLE","SHOWERS","SCATTERED SHOWERS","RAIN","HEAVY RAIN","ISOLATED THUNDERSHOWERS","ISOLATED THUNDERSTORMS","SNOW","THUNDERSTORMS","LIGHT SNOW","SCATTERED THUNDERSTORMS","SCATTERED SNOW SHOWERS","SNOW FLURRIES","BLOWING SNOW","MIXED RAIN AND SLEET","MIXED RAIN AND SNOW","MIXED RAIN AND HAIL","MIXED SNOW AND SLEET","SNOW SHOWERS","LIGHT SNOW SHOWERS","LIGHT RAIN SHOWERS"]},"clearFind":{"de":"WOLKENLOS","en":"CLEAR"},"greetings":{"night":{"de":"Gute Nacht, $NAME$","en":"Good night, $NAME$","fr":""},"afternoon":{"de":"Hab einen schönen Tag, $NAME$","en":"Good afternoon, $NAME$","fr":""},"evening":{"de":"Hab einen schönen Abend, $NAME$","en":"Good evening, $NAME$","fr":""},"morning":{"de":"Guten Morgen, $NAME$","en":"Good morning, $NAME$","fr":""}}}