{
  "Colors": {
    "Comp-Ring Battery": "#76FF2D",
    "Comp-Ring Rain": "#0A84FF",
    "Comp-Ring UV Index": "#76FF2D",
    "Comp-Ring Warning": "#FF375F"
  },
  "Filter": "blur(38px) saturate(172%) contrast(120%);",
  "Name": "iPod Light",
  "Icon": {
    "H": 165,
    "W": 165,
    "X": 95,
    "Y": 262
  },
  "Overlay": {
    "H": 70,
    "W": 63,
    "X": 91,
    "Y": 2034
  },

  "Hour": {
    "H": 68,
    "W": 965,
    "X": 159,
    "Y": 800
  },

  "Battery": {
    "H": 165,
    "W": 165,
    "X": 1018,
    "Y": 261
  },

  "Support": {
    "Colorize": "No",
    "Colorize Icon": "No",
    "Colorize Opacity": 30,
    "Colorize Overlay": "No",
    "Dim": "Yes",
    "Icons": "Yes",
    "Overlay": "Yes",
    "WeatherFX": "No"
  },
  "WeatherFX Strength": 40
}
