{
  "Colors": {
    "Comp-Ring Battery": "#76FF2D",
    "Comp-Ring Rain": "#0A84FF",
    "Comp-Ring UV Index": "#76FF2D",
    "Comp-Ring Warning": "#FF375F"
  },
  "Filter": "blur(38px) saturate(172%) contrast(120%);",
  "Icon": {
    "H": 2778,
    "W": 1284,
    "X": 0,
    "Y": 0
  },
  "Name": "Wetr",
  "Overlay": {
    "H": 0,
    "W": 0,
    "X": 0,
    "Y": 0
  },
  "Support": {
    "Blur": "No",
    "Calendar": "No",
    "Colorize": "Yes",
    "Colorize Icon": "No",
    "Colorize Opacity": 30,
    "Colorize Overlay": "No",
    "Dates": "No",
    "Dim": "Yes",
    "IconEmbed": "Yes",
    "Moon": "No",
    "Overlay": "No",
    "Reminders": "No",
    "WeatherFX": "No"
  },
  "WeatherFX Strength": 0
}