{
  "Colors": {
    "Comp-Ring Battery": "#76FF2D",
    "Comp-Ring Rain": "#0A84FF",
    "Comp-Ring UV Index": "#76FF2D",
    "Comp-Ring Warning": "#FF375F"
  },
  "Filter": "blur(38px) saturate(172%) contrast(120%);",
  "Name": "Dark Thin",

  "Icon": {
    "W": 180,
    "H": 180,
    "X": 1064,
    "Y": 1998
  },
  "Overlay": {
    "W": 62,
    "H": 68,
    "X": 90,
    "Y": 2055
  },
    
  "Support": {
    "Colorize": "Yes",
    "Colorize Icon": "No",
    "Colorize Opacity": 30,
    "Colorize Overlay": "No",
    "Dim": "Yes",
    "Icons": "Yes",
    "Overlay": "No",
    "WeatherFX": "Yes"
  },
  "WeatherFX Strength": 40
}