{
  "Colors": {
    "Comp-Ring Battery": "#76FF2D",
    "Comp-Ring Rain": "#0A84FF",
    "Comp-Ring UV Index": "#76FF2D",
    "Comp-Ring Warning": "#FF375F"
  },
  "Filter": "blur(38px) saturate(172%) contrast(120%);",
  "Name": "Focus",

  "Icon": {
    "W": 180,
    "H": 180,
    "X": 45,
    "Y": 685
  },
  "Overlay": {
    "W": 62,
    "H": 68,
    "X": 90,
    "Y": 729
  },
    
  "Support": {
    "Colorize": "Yes",
    "Colorize Icon": "Yes",
    "Colorize Opacity": 30,
    "Colorize Overlay": "Yes",
    "Dim": "Yes",
    "Icons": "Yes",
    "Overlay": "No",
    "WeatherFX": "No"
  },
  "WeatherFX Strength": 40
}