{
  "Colors": {
    "Comp-Ring Battery": "#76FF2D",
    "Comp-Ring Rain": "#0A84FF",
    "Comp-Ring UV Index": "#76FF2D",
    "Comp-Ring Warning": "#FF375F"
  },
  "Filter": "blur(38px) saturate(172%) contrast(120%);",
  "Name": "Stack Dark",
  "Battery": {
    "H": 261,
    "W": 261,
    "X": 8,
    "Y": 1388
  },
  "Moon": {
    "H": 261,
    "W": 261,
    "X": 8,
    "Y": 1156
  },
  "Icon": {
    "W": 261,
    "H": 261,
    "X": 8,
    "Y": 700
  },
  "Overlay": {
    "W": 0,
    "H": 0,
    "X": 0,
    "Y": 0
  },
    
  "Support": {
    "Colorize": "No",
    "Colorize Icon": "No",
    "Colorize Opacity": 30,
    "Colorize Overlay": "No",
    "Dim": "Yes",
    "Icons": "Yes",
    "Overlay": "No",
    "WeatherFX": "No",
    "Blur": "No",
    "Dates": "Yes",
    "Calendar": "Yes",
    "Reminders": "No",
    "Moon": "Yes"
  },
  "WeatherFX Strength": 40
}