{
    "Name": "Wetr",
    "Extra Title Padding": "yes",
    "Filter": "blur(38px) saturate(172%) contrast(120%);",
    "WeatherFX Strength": 40,
    "City": "#ffffff",
    "Comp-Ring Battery": "#76FF2D",
    "Comp-Ring Rain": "##0A84FF",
    "Comp-Ring UV Index": "#76FF2D",
    "Comp-Ring Warning": "#FF375F",
    "Greeting": "#ffffff",
    "Icon": "#ffffff",
    "Labels": "#ffffff",
    "Pin": "#ffffff",
    "Low High": "#ffffff",
    "Summary": "#ffffff",
    "ShadowBlur": 32,
    "ShadowColor": "rgba(0,0,0,0.3)",
    "ShadowY-Offset": 4
}