{
    "City": "#ffffff",
    "Comp-Ring Battery": "#76FF2D",
    "Comp-Ring Rain": "#0A84FF",
    "Comp-Ring UV Index": "#76FF2D",
    "Comp-Ring Warning": "#FF375F",
    "Extra Title Padding": "no",
    "Filter": "blur(38px) saturate(172%) contrast(120%);",
    "Greeting": "#ffffff",
    "Icon": "#ffffff",
    "Labels": "#ffffff",
    "Low High": "#ffffff",
    "Name": "Dark",
    "Pin": "#ffffff",
    "ShadowBlur": 32,
    "ShadowColor": "rgba(255,255,255,0.1)",
    "ShadowY-Offset": 4,
    "Summary": "#ffffff",
    "WeatherFX Strength": 40
}