{
  "Colors": {
    "Comp-Ring Battery": "#76FF2D",
    "Comp-Ring Rain": "#0A84FF",
    "Comp-Ring UV Index": "#76FF2D",
    "Comp-Ring Warning": "#FF375F"
  },
  "Filter": "blur(38px) saturate(172%) contrast(120%);",
  "Name": "Mac Dark (Blur)",

  "Icon": {
    "W": 180,
    "H": 180,
    "X": 1061,
    "Y": 968
  },
  "Overlay": {
    "W": 62,
    "H": 68,
    "X": 102,
    "Y": 1027
  },
    
  "Support": {
    "Colorize": "Yes",
    "Colorize Icon": "Yes",
    "Colorize Opacity": 30,
    "Colorize Overlay": "Yes",
    "Dim": "Yes",
    "Icons": "Yes",
    "Overlay": "Yes",
    "WeatherFX": "No"
  },
  "WeatherFX Strength": 40
}