{
  "Colors": {
    "Comp-Ring Battery": "#76FF2D",
    "Comp-Ring Rain": "#0A84FF",
    "Comp-Ring UV Index": "#76FF2D",
    "Comp-Ring Warning": "#FF375F"
  },
  "Filter": "blur(38px) saturate(172%) contrast(120%);",
  "Name": "Dark Thin",

      "Icon": {
        "X": 0,
        "Y": 1559
      },
      "Overlay": {
        "X": 0,
        "Y": 0
      },
    
  "Support": {
    "Colorize": "Yes",
    "Colorize Icon": "No",
    "Colorize Opacity": 30,
    "Colorize Overlay": "No",
    "Dim": "Yes",
    "Icons": "Yes",
    "Overlay": "No",
    "WeatherFX": "No",
    "Blur": "No"
  },
  "WeatherFX Strength": 0
}