{
    "City": "#000000",
    "Comp-Ring Battery": "#76FF2D",
    "Comp-Ring Rain": "#0A84FF",
    "Comp-Ring UV Index": "#76FF2D",
    "Comp-Ring Warning": "#FF375F",
    "Extra Title Padding": "no",
    "Filter": "blur(26px) saturate(190%) contrast(120%);",
    "Greeting": "#000000",
    "Icon": "#000000",
    "Labels": "#ffffff",
    "Low High": "#000000",
    "Name": "Light",
    "Pin": "#000000",
    "ShadowBlur": 32,
    "ShadowColor": "rgba(255,255,255,0.1)",
    "ShadowY-Offset": 4,
    "Summary": "#000000",
    "WeatherFX Strength": 100
}