{
  "Colors": {
    "Comp-Ring Battery": "#76FF2D",
    "Comp-Ring Rain": "#0A84FF",
    "Comp-Ring UV Index": "#76FF2D",
    "Comp-Ring Warning": "#FF375F"
  },
  "Filter": "blur(38px) saturate(172%) contrast(120%);",
  "Name": "Focus",
  "Icon": {
    "H": 165,
    "W": 165,
    "X": 46,
    "Y": 907
  },
  "Overlay": {
    "H": 70,
    "W": 63,
    "X": 141,
    "Y": 2050
  },
  "Support": {
    "Colorize": "Yes",
    "Colorize Icon": "Yes",
    "Colorize Opacity": 30,
    "Colorize Overlay": "Yes",
    "Dim": "Yes",
    "Icons": "Yes",
    "Overlay": "No",
    "WeatherFX": "No"
  },
  "WeatherFX Strength": 40
}
